{
  "additional_fields":[  
    {    
      "field_name":"restrict_table_access",
      "value":false
    },
    {    
      "field_name":"license_category",
      "value":"none"
    },
    {    
      "field_name":"licensable",
      "value":true
    },
    {    
      "field_name":"runtime_access_tracking",
      "value":"permissive"
    },
    {    
      "field_name":"trackable",
      "value":true
    },
    {    
      "field_name":"js_level",
      "value":"helsinki_es5"
    },
    {    
      "field_name":"license_model",
      "value":"none"
    },
    {    
      "field_name":"scoped_administration",
      "value":false
    },
    {    
      "field_name":"enforce_license",
      "value":"log"
    }
  ],
  "app_info":{  
    "menu":"",
    "name":"appWithApplyOnce",
    "scope":"x_appwithapplyonce",
    "short_description":"",
    "sys_class_name":"sys_app",
    "sys_id":"7e7cf1975b330300fd17efe5f0f91a36",
    "template":"",
    "user_role":"",
    "vendor":"",
    "vendor_code":"",
    "version":"1.0.0"
  },
  "authenticationScripts":[  
  ],
  "dependencies":[  
  ],
  "external_scope_configuration":[  
  ],
  "jobs":[  
  ],
  "menus":[  
  ],
  "modules":[  
  ],
  "other_files":[  
  ],
  "properties":[  
    {    
      "sys_class_name":"sys_properties",
      "sys_id":"ee8c7d975b330300fd17efe5f0f91abe",
      "sys_name":"x_appwithapplyonce.STRY4984142",
      "sys_update_name":"sys_properties_ee8c7d975b330300fd17efe5f0f91abe",
      "type":"string",
      "value":"1"
    }
  ],
  "roles":[  
  ],
  "runtime_privileges":[  
  ],
  "table_columns":[  
  ],
  "table_extensions":[  
  ],
  "tables":[  
  ],
  "ui_pages":[  
  ],
  "users":[  
  ],
  "web_services":{  
    "inbound":[    
    ],
    "outbound":[    
    ]
  }
}