<?xml version="1.0" encoding="UTF-8"?>
<record_update table="sys_properties">
    <sys_properties action="INSERT_OR_UPDATE">
        <choices/>
        <description/>
        <ignore_cache>false</ignore_cache>
        <is_private>false</is_private>
        <name>x_appwithapplyonce.STRY4984142</name>
        <read_roles/>
        <suffix>STRY4984142</suffix>
        <sys_class_name>sys_properties</sys_class_name>
        <sys_created_by>maint</sys_created_by>
        <sys_created_on>2018-01-26 23:34:10</sys_created_on>
        <sys_id>ee8c7d975b330300fd17efe5f0f91abe</sys_id>
        <sys_mod_count>0</sys_mod_count>
        <sys_name>x_appwithapplyonce.STRY4984142</sys_name>
        <sys_package display_value="appWithApplyOnce" source="x_appwithapplyonce">7e7cf1975b330300fd17efe5f0f91a36</sys_package>
        <sys_policy/>
        <sys_scope display_value="appWithApplyOnce">7e7cf1975b330300fd17efe5f0f91a36</sys_scope>
        <sys_update_name>sys_properties_ee8c7d975b330300fd17efe5f0f91abe</sys_update_name>
        <sys_updated_by>maint</sys_updated_by>
        <sys_updated_on>2018-01-26 23:34:10</sys_updated_on>
        <type>string</type>
        <value>1</value>
        <write_roles/>
    </sys_properties>
    <sys_translated_text action="delete_multiple" query="documentkey=ee8c7d975b330300fd17efe5f0f91abe"/>
</record_update>
